{
  "policies": {
    "akiba_espass_hokuto": {
      "avg_good_per_day": 6.0,
      "avg_total_per_day": 21.0,
      "good_rate": 0.286,
      "hot_units": [],
      "cold_units": [],
      "weekday_rates": {
        "2": 0.2857142857142857
      },
      "avg_reset_days": 3
    },
    "akiba_espass_hokuto_tensei2": {
      "avg_good_per_day": 12.5,
      "avg_total_per_day": 21.0,
      "good_rate": 0.604,
      "hot_units": [
        [
          "2159",
          0.875
        ],
        [
          "2158",
          0.875
        ],
        [
          "2068",
          0.8181818181818182
        ],
        [
          "2014",
          0.7692307692307693
        ],
        [
          "2019",
          0.7333333333333333
        ]
      ],
      "cold_units": [
        [
          "2064",
          0.3333333333333333
        ],
        [
          "2061",
          0.4
        ],
        [
          "2065",
          0.4
        ],
        [
          "2060",
          0.4666666666666667
        ],
        [
          "2161",
          0.5
        ]
      ],
      "weekday_rates": {
        "0": 0.6122448979591837,
        "1": 0.5434782608695652,
        "2": 0.5735294117647058,
        "3": 0.5531914893617021,
        "4": 0.5319148936170213,
        "5": 0.7446808510638298,
        "6": 0.6808510638297872
      },
      "avg_reset_days": 2.5
    },
    "akiba_espass_sbj": {
      "avg_good_per_day": 2.4,
      "avg_total_per_day": 4.0,
      "good_rate": 0.651,
      "hot_units": [
        [
          "2158",
          0.8
        ],
        [
          "2159",
          0.7142857142857143
        ],
        [
          "2161",
          0.6363636363636364
        ],
        [
          "2011",
          0.5714285714285714
        ],
        [
          "2160",
          0.5
        ]
      ],
      "cold_units": [
        [
          "2160",
          0.5
        ],
        [
          "2011",
          0.5714285714285714
        ],
        [
          "2161",
          0.6363636363636364
        ],
        [
          "2159",
          0.7142857142857143
        ],
        [
          "2158",
          0.8
        ]
      ],
      "weekday_rates": {
        "0": 0.5555555555555556,
        "1": 0.6363636363636364,
        "2": 0.5454545454545454,
        "3": 0.375,
        "4": 0.625,
        "5": 0.875,
        "6": 1.0
      },
      "avg_reset_days": 2.0
    },
    "island_akihabara_hokuto": {
      "avg_good_per_day": 3.0,
      "avg_total_per_day": 12.0,
      "good_rate": 0.25,
      "hot_units": [],
      "cold_units": [],
      "weekday_rates": {
        "2": 0.25
      },
      "avg_reset_days": 3
    },
    "island_akihabara_hokuto_tensei2": {
      "avg_good_per_day": 6.3,
      "avg_total_per_day": 15.0,
      "good_rate": 0.428,
      "hot_units": [
        [
          "0755",
          0.7368421052631579
        ],
        [
          "0753",
          0.5789473684210527
        ],
        [
          "0733",
          0.5789473684210527
        ],
        [
          "0752",
          0.47368421052631576
        ],
        [
          "0751",
          0.42105263157894735
        ]
      ],
      "cold_units": [
        [
          "0756",
          0.3157894736842105
        ],
        [
          "0732",
          0.3157894736842105
        ],
        [
          "0731",
          0.3684210526315789
        ],
        [
          "0736",
          0.3684210526315789
        ],
        [
          "0757",
          0.3684210526315789
        ]
      ],
      "weekday_rates": {
        "0": 0.4074074074074074,
        "1": 0.40540540540540543,
        "2": 0.45,
        "3": 0.47619047619047616,
        "4": 0.42857142857142855,
        "5": 0.38095238095238093,
        "6": 0.4444444444444444
      },
      "avg_reset_days": 2.9
    },
    "island_akihabara_sbj": {
      "avg_good_per_day": 10.0,
      "avg_total_per_day": 16.0,
      "good_rate": 0.637,
      "hot_units": [
        [
          "1017",
          0.8571428571428571
        ],
        [
          "1025",
          0.8095238095238095
        ],
        [
          "1022",
          0.8095238095238095
        ],
        [
          "1018",
          0.7619047619047619
        ],
        [
          "1015",
          0.7142857142857143
        ]
      ],
      "cold_units": [
        [
          "1028",
          0.47619047619047616
        ],
        [
          "1026",
          0.47619047619047616
        ],
        [
          "1027",
          0.5238095238095238
        ],
        [
          "1021",
          0.5714285714285714
        ],
        [
          "1031",
          0.6190476190476191
        ]
      ],
      "weekday_rates": {
        "0": 0.5818181818181818,
        "1": 0.6,
        "2": 0.6190476190476191,
        "3": 0.6190476190476191,
        "4": 0.5952380952380952,
        "5": 0.7857142857142857,
        "6": 0.6727272727272727
      },
      "avg_reset_days": 2.5
    },
    "seibu_shinjuku_espass_hokuto": {
      "avg_good_per_day": 3.0,
      "avg_total_per_day": 8.0,
      "good_rate": 0.375,
      "hot_units": [],
      "cold_units": [],
      "weekday_rates": {
        "2": 0.375
      },
      "avg_reset_days": 3
    },
    "seibu_shinjuku_espass_hokuto_tensei2": {
      "avg_good_per_day": 5.6,
      "avg_total_per_day": 9.0,
      "good_rate": 0.597,
      "hot_units": [
        [
          "3149",
          0.75
        ],
        [
          "3142",
          0.7142857142857143
        ],
        [
          "3165",
          0.7142857142857143
        ],
        [
          "3141",
          0.7142857142857143
        ],
        [
          "3147",
          0.7142857142857143
        ]
      ],
      "cold_units": [
        [
          "3144",
          0.375
        ],
        [
          "3146",
          0.42857142857142855
        ],
        [
          "3185",
          0.45454545454545453
        ],
        [
          "3187",
          0.45454545454545453
        ],
        [
          "3138",
          0.5555555555555556
        ]
      ],
      "weekday_rates": {
        "0": 0.65,
        "1": 0.5652173913043478,
        "2": 0.44,
        "3": 0.5625,
        "4": 0.47619047619047616,
        "5": 0.9090909090909091,
        "6": 0.5909090909090909
      },
      "avg_reset_days": 2.5
    },
    "seibu_shinjuku_espass_sbj": {
      "avg_good_per_day": 6.6,
      "avg_total_per_day": 10.0,
      "good_rate": 0.679,
      "hot_units": [
        [
          "3143",
          1.0
        ],
        [
          "3142",
          0.8571428571428571
        ],
        [
          "3145",
          0.8571428571428571
        ],
        [
          "3165",
          0.8571428571428571
        ],
        [
          "3140",
          0.8571428571428571
        ]
      ],
      "cold_units": [
        [
          "3146",
          0.42857142857142855
        ],
        [
          "3185",
          0.5
        ],
        [
          "3187",
          0.5
        ],
        [
          "3186",
          0.5714285714285714
        ],
        [
          "3151",
          0.5714285714285714
        ]
      ],
      "weekday_rates": {
        "0": 0.7272727272727273,
        "1": 0.6896551724137931,
        "2": 0.4583333333333333,
        "3": 0.5625,
        "4": 0.5238095238095238,
        "5": 0.9545454545454546,
        "6": 0.8181818181818182
      },
      "avg_reset_days": 2.6
    },
    "shibuya_espass_hokuto": {
      "avg_good_per_day": 18.0,
      "avg_total_per_day": 30.0,
      "good_rate": 0.6,
      "hot_units": [],
      "cold_units": [],
      "weekday_rates": {
        "2": 0.6
      },
      "avg_reset_days": 3
    },
    "shibuya_espass_hokuto_tensei2": {
      "avg_good_per_day": 20.5,
      "avg_total_per_day": 29.0,
      "good_rate": 0.716,